anno,rank_day,liste_preliminari,ricostituzione,stato_fonte,fonte
2015,2015-05-29,2015-06-12,2015-06-26,comunicato ufficiale letto da estratto e ristampa,https://www.businesswire.com/news/home/20150612005950/en/FTSE-Russell-Posts-Preliminary-U.S.-Index-Additions-Deletions-as-Part-of-Annual-Russell-Reconstitution ; https://www.etfworld.com/co.uk/ftse-russell-announces-preliminary-lists-for-2015-russell-indexes-reconstitution/
2016,2016-05-27,2016-06-10,2016-06-24,fonti terze,https://vet67to82.wordpress.com/2016/06/04/the-russell-indices-for-june-2016/ ; https://www.cboe.com/insights/posts/what-to-know-heading-into-ftse-russells-36th-annual-russell-reconstitution/
2017,2017-05-12,2017-06-09,2017-06-23,ufficiale,https://research.ftserussell.com/products/index-notices/home/getmethodology/?id=2062382
2018,2018-05-11,2018-06-08,2018-06-22,comunicato ufficiale letto da ristampa,https://mondovisione.com/media-and-resources/news/ftse-russell-announces-2018-russell-us-indexes-reconstitution-schedule-201832/
2019,2019-05-10,2019-06-07,2019-06-28,ufficiale,https://www.lseg.com/content/dam/lseg/en_us/documents/media-centre/press-releases/2019/2019-russell-reconstitution-schedule-announce-march-2019.pdf
2020,2020-05-08,2020-06-05,2020-06-26,ufficiale,https://www.lseg.com/en/media-centre/press-releases/ftse-russell/2020/ftse-russell-announces-2020-russell-us-indexes-reconstitution-schedule
2021,2021-05-07,2021-06-04,2021-06-25,ufficiale,https://research.ftserussell.com/products/index-notices/home/getnotice?id=2599440
2022,2022-05-06,2022-06-03,2022-06-24,ufficiale,https://www.lseg.com/en/media-centre/press-releases/ftse-russell/2022/ftse-russell-announces-2022-russell-us-indexes-reconstitution-schedule
2023,2023-04-28,2023-05-19,2023-06-23,ufficiale,https://www.lseg.com/en/media-centre/press-releases/ftse-russell/2023/ftse-russell-announces-2023-russell-us-indexes-reconstitution-schedule
2024,2024-04-30,2024-05-24,2024-06-28,ufficiale,https://www.lseg.com/en/media-centre/press-releases/ftse-russell/2024/russell-reconstitution-2024-schedule
2025,2025-04-30,2025-05-23,2025-06-27,ufficiale,https://lseg.com/en/media-centre/press-releases/ftse-russell/2025/ftse-russell-announces-2025-us-indexes-reconstitution-schedule
2026-12,2026-10-30,2026-11-13,2026-12-11,ufficiale,https://www.lseg.com/en/media-centre/press-releases/ftse-russell/2026/ftse-russell-announces-december-2026-russell-us-indexes-reconstitution-schedule
